accuracy,precision,recall,f1,auc
0.3125,0.2857142857142857,0.25,0.26666666666666666,0.265625
0.5,0.5,0.5,0.5,0.515625
0.5,0.5,0.5,0.5,0.421875
